year,fire_name,T,H,W,total_pixels,fire_pixels,base_rate,lng,lat
2018,fire_21458798,14,304,247,1051232,78,7.41986545310645e-05,-120.26612679661682,36.83110501866333
2018,fire_21458801,11,326,274,982564,151,0.0001536795567515195,-112.23015793803805,36.729486810202985
2018,fire_21458806,19,304,248,1432448,459,0.00032043047984987936,-120.20381440795195,36.63702853972995
2018,fire_21458836,35,307,254,2729230,372,0.00013630218046848378,-119.25023260359448,35.62591781221766
2018,fire_21458848,15,327,280,1373400,132,9.611183923110529e-05,-111.6936810735749,35.107944454188164
2018,fire_21459234,14,327,270,1236060,22,1.7798488746500978e-05,-111.91319719874356,38.52514003124599
2018,fire_21459239,15,324,270,1312200,151,0.00011507392165828379,-112.78893346314148,37.482803287094534
2018,fire_21459242,16,324,270,1399680,151,0.00010788180155464107,-112.70265154392263,37.434839616439334
2018,fire_21459249,20,323,269,1737740,113,6.502698907776767e-05,-113.07606895075655,37.40483175511197
2018,fire_21459253,15,340,295,1504500,67,4.453306746427385e-05,-107.29993871562593,35.5440285924799
2018,fire_21538827,16,309,252,1245888,46,3.6921456824369444e-05,-118.42614967089489,37.41113684407849
2018,fire_21615465,15,356,308,1644720,4,2.4320249039350164e-06,-102.31062324907298,37.819157160074084
2018,fire_21615469,11,354,307,1195458,477,0.0003990102538106734,-103.09871350323169,36.98478389737202
2018,fire_21617464,12,352,299,1262976,31,2.4545201175635957e-05,-103.44209749392074,39.83275660352338
2018,fire_21688910,19,329,283,1769033,798,0.00045109390271408167,-111.1048574451144,34.59432020978808
2018,fire_21688916,33,333,291,3197799,2193,0.0006857841909388301,-109.45952465878035,33.62343390777988
2018,fire_21690064,38,299,222,2522364,97,3.845598811273868e-05,-122.17232102058114,42.73696066858286
2018,fire_21690071,17,352,302,1807168,57,3.154106314410171e-05,-103.43874087536402,38.84199660168197
2018,fire_21690073,16,349,298,1664032,279,0.00016766504490298265,-104.56678078155387,38.55595282577002
2018,fire_21690102,25,338,292,2467400,1094,0.00044338169733322525,-108.11198116225964,35.17462808543562
2018,fire_21693353,22,329,248,1795024,254,0.00014150228632040575,-110.79756572209442,47.69687137603127
2018,fire_21748766,18,298,224,1201536,15,1.2484020453819112e-05,-122.52316752392551,41.78148426896174
2018,fire_21748783,23,306,243,1710234,113,6.607282979989873e-05,-119.42451724990921,39.30525400142003
2018,fire_21748798,12,325,278,1084200,164,0.00015126360450101457,-112.35249276588965,34.667476435934226
2018,fire_21748801,41,336,294,4050144,4223,0.0010426789763524457,-108.50697603332783,33.71215478203542
2018,fire_21748813,14,338,297,1405404,339,0.00024121177967331814,-107.86748896061593,33.433484993121276
2018,fire_21751303,50,339,288,4881600,5269,0.0010793592264831202,-107.90138743379282,37.49262217361704
2018,fire_21751305,18,347,301,1880046,1216,0.0006467926848598385,-105.02324583091331,36.5349081473733
2018,fire_21751315,14,351,311,1528254,22,1.4395512787795746e-05,-103.75972307702523,34.26778520530635
2018,fire_21804572,13,300,231,900900,115,0.00012765012765012765,-121.82059562826771,40.33065362708304
2018,fire_21804577,17,298,233,1180378,2845,0.002410244853767183,-122.56139419880002,39.07891082190884
2018,fire_21804582,20,299,236,1411280,3464,0.002454509381554334,-122.16524856229239,38.66278877927132
2018,fire_21804588,16,307,249,1223088,838,0.0006851510275630208,-119.13174015970723,37.56474560552991
2018,fire_21804589,16,322,268,1380736,1190,0.000861859182349124,-113.39534712167176,37.43314610552822
2018,fire_21804590,12,303,246,894456,81,9.055783627143202e-05,-120.28517450292574,37.41785055693458
2018,fire_21804877,12,305,215,786900,188,0.00023891218706315924,-120.04639376203615,46.96547553840285
2018,fire_21804883,15,304,219,998640,1680,0.0016822879115597211,-120.58483638652916,45.27533530780384
2018,fire_21804884,19,303,218,1255026,1883,0.0015003673230674106,-121.0107135131241,45.05907143517181
2018,fire_21804893,14,326,260,1186640,131,0.00011039573923009505,-112.26865504625374,41.939550640432266
2018,fire_21804895,24,344,286,2361216,1391,0.0005891032417195208,-106.09126595149056,41.04372127483648
2018,fire_21804899,19,338,280,1798160,297,0.00016516883925790808,-107.78188336233161,40.78478706235514
2018,fire_21804942,29,329,271,2585611,1686,0.0006520702456788743,-111.16609944910596,39.41669961744609
2018,fire_21804961,23,345,291,2309085,824,0.00035685130690295074,-106.02234376044606,39.02823489092938
2018,fire_21804975,15,327,271,1329255,228,0.00017152465102632678,-111.89582671687364,38.70522713649207
2018,fire_21804980,13,324,268,1128816,161,0.00014262731924423466,-112.9158299620828,38.1302117711444
2018,fire_21804985,21,348,298,2177784,3531,0.0016213729185263553,-105.1498457955944,37.547752006454594
2018,fire_21805022,15,349,304,1591440,165,0.00010367968632182174,-104.77577338683842,35.30032145334167
2018,fire_21889672,38,298,221,2502604,7996,0.0031950720129912684,-122.71029809745305,42.80543729624635
2018,fire_21889679,19,298,221,1251302,4643,0.0037105351066329313,-122.907609344847,42.73822560627942
2018,fire_21889682,21,298,221,1383018,5864,0.004240002660847509,-123.16855437078269,42.66722008286243
2018,fire_21889683,36,299,222,2389608,14915,0.006241609502479067,-123.62686364607265,42.508592083926274
2018,fire_21889697,94,300,223,6288600,26813,0.004263747097923226,-123.83325442941666,42.41102716903234
2018,fire_21889717,16,298,223,1063264,1236,0.0011624582417913143,-122.52859801209465,41.96389507418981
2018,fire_21889719,67,298,224,4472384,12546,0.0028052152945722015,-123.54378588171721,41.87238167678121
2018,fire_21889734,41,298,228,2785704,18160,0.006518998429122405,-122.58864316785457,40.70417609120578
2018,fire_21889744,18,303,234,1276236,1063,0.0008329180496397218,-120.82441317476355,40.628669642496526
2018,fire_21889750,18,306,241,1327428,1477,0.0011126780510882699,-119.49916199068643,39.81080762855938
2018,fire_21889754,56,298,233,3888304,23289,0.005989500820923467,-122.7644838118541,39.28224674146276
2018,fire_21889763,24,297,234,1667952,14299,0.008572788665381258,-123.02744988854212,39.0577675442542
2018,fire_21889779,43,305,247,3239405,9595,0.0029619636939499693,-119.80367148386102,37.6321787639834
2018,fire_21889798,24,306,249,1828656,1554,0.0008498044465443473,-119.17402050908035,37.567814499732876
2018,fire_21889808,22,315,259,1794870,93,5.1814337528623244e-05,-116.24583290064696,37.255769790566916
2018,fire_21889826,20,313,266,1665160,676,0.00040596699416272313,-116.69641052355243,33.71716218091493
2018,fire_21889943,46,303,211,2940918,8227,0.002797425837782624,-120.48455761303796,47.81284135809434
2018,fire_21889947,14,304,212,902272,107,0.00011858951624343878,-120.32120515422281,47.53074854284262
2018,fire_21889953,16,304,215,1045760,326,0.00031173500611995106,-120.076974537905,46.856577436751266
2018,fire_21889957,17,306,217,1128834,262,0.00023209789924825085,-119.63011574873927,46.685655608140465
2018,fire_21889986,16,307,223,1095376,292,0.0002665751303661939,-119.00713557405969,45.951704801599085
2018,fire_21889990,15,303,216,981720,948,0.0009656521207676323,-120.94058100363779,45.68230054044048
2018,fire_21889992,17,303,217,1117767,1236,0.001105776069610214,-120.89686952405918,45.49923141468127
2018,fire_21889994,20,302,217,1310680,966,0.0007370220038453322,-121.0553031668917,45.358581189628396
2018,fire_21889995,16,306,223,1091808,67,6.136610099944312e-05,-119.45619932987864,45.35726035521603
2018,fire_21889997,20,314,235,1475800,607,0.00041130234449112345,-116.35945336260608,45.2660571883254
2018,fire_21890003,38,320,244,2967040,3756,0.0012659081104400346,-114.2305816464962,44.85822666009747
2018,fire_21890007,28,318,240,2136960,1684,0.0007880353399221324,-115.24386193285996,44.84090878112702
2018,fire_21890009,28,315,236,2081520,2001,0.0009613167300818633,-116.35131403126923,44.65963358676321
2018,fire_21890010,17,313,235,1250435,771,0.0006165854282709617,-116.84730629634853,44.4647508225841
2018,fire_21890013,21,326,254,1738884,880,0.0005060717103613583,-111.98408123148027,44.14860311125587
2018,fire_21890019,18,315,240,1360800,169,0.00012419165196942976,-116.14989994429293,43.99956026136247
2018,fire_21890024,25,321,249,1998225,1946,0.0009738643045703061,-114.05661649955887,43.54010437360627
2018,fire_21890033,14,319,248,1107568,169,0.00015258656804819208,-114.71901304412079,43.05716904738015
2018,fire_21890054,13,317,247,1017887,200,0.0001964854644965502,-115.45201061976599,42.352232209228966
2018,fire_21890056,18,317,248,1415088,1088,0.0007688567778116979,-115.62546549167331,42.134102895100185
2018,fire_21890058,14,314,244,1072624,355,0.000330964065693104,-116.45610431519688,42.169549244398
2018,fire_21890063,11,314,245,846230,355,0.0004195076988525578,-116.39018169894123,41.996993853875324
2018,fire_21890065,14,315,246,1084860,989,0.0009116383680843612,-116.07185694366461,41.949449053015634
2018,fire_21890069,20,321,254,1630680,2572,0.0015772561140137856,-114.02986294774601,41.62165677728925
2018,fire_21890072,20,313,244,1527440,4840,0.003168700570889855,-116.99537433924641,41.59999871269401
2018,fire_21890078,12,312,244,913536,5142,0.005628678015973098,-116.93040505855859,41.66914776819744
2018,fire_21890087,12,318,253,965448,107,0.00011082937662100911,-114.74025325239656,41.322763627209554
2018,fire_21890091,17,335,274,1560430,464,0.00029735393449241556,-108.97782996027225,41.21068872804932
2018,fire_21890098,12,317,251,954804,91,9.530751861114951e-05,-115.66624659548077,40.88817528139007
2018,fire_21890100,21,311,244,1593564,252,0.0001581361024721944,-117.51098936116568,40.765000747544434
2018,fire_21890101,12,318,254,969264,320,0.00033014741081893067,-115.06323697398395,40.745127610853665
2018,fire_21890103,16,320,255,1305600,619,0.0004741115196078431,-114.56903924562019,40.67274597986499
2018,fire_21890106,18,324,261,1522152,459,0.0003015467574854548,-112.96050763898931,40.53287972868408
2018,fire_21890109,18,337,280,1698480,198,0.0001165748198389148,-108.16519593475618,40.20547018872483
2018,fire_21890111,32,342,286,3129984,678,0.00021661452582505213,-106.59749887672095,40.20182911389442
2018,fire_21890115,22,330,270,1960200,2977,0.0015187225793286399,-110.89018695379346,40.130015811573706
2018,fire_21890134,17,336,280,1599360,371,0.00023196778711484593,-108.72780686457487,39.684456888812434
2018,fire_21890137,34,341,286,3315884,1282,0.0003866238987853616,-107.03891608962995,39.417528933694776
2018,fire_21890143,29,333,276,2665332,1415,0.0005308907108007558,-109.88426536221368,39.303975463003
2018,fire_21890160,35,336,283,3328080,2328,0.0006995024158073124,-108.65619007943278,38.4965298283963
2018,fire_21890170,28,336,286,2690688,1639,0.0006091378859236003,-108.47588266856938,37.60825317200312
2018,fire_21890208,18,341,296,1816848,374,0.0002058510123026252,-106.8076904827219,35.779448379072946
2018,fire_21890515,26,315,224,1834560,1911,0.0010416666666666667,-115.90972767543084,48.991808315970275
2018,fire_21890524,52,304,208,3288064,13515,0.00411032145359701,-120.4600508421315,48.36399081904006
2018,fire_21890643,13,338,271,1190774,446,0.00037454630349671725,-107.74297123181049,44.13787452719218
2018,fire_21997770,23,302,231,1604526,2817,0.0017556586805075143,-121.01569780231378,41.424207748160285
2018,fire_21997775,52,299,228,3544944,16614,0.004686674881182891,-122.38620214281458,40.99548718327858
2018,fire_21997828,32,305,245,2391200,6431,0.002689444630311141,-119.82253657144736,38.379352283286075
2018,fire_21997844,23,306,248,1745424,2270,0.0013005435928462082,-119.2086652581112,37.59595918904811
2018,fire_21997851,18,327,276,1624536,1664,0.0010242924748974475,-111.97357763748826,36.18954502706243
2018,fire_21997854,10,304,250,760000,54,7.105263157894737e-05,-119.98578858791818,35.986242818495164
2018,fire_21997864,18,311,265,1483470,1421,0.0009578892731231505,-117.46672281725316,33.7035736413361
2018,fire_21998023,17,307,215,1122085,573,0.0005106565010672097,-119.22408423442717,47.92337807077412
2018,fire_21998081,14,307,222,954156,57,5.9738659087193286e-05,-119.131558722689,46.14501216817015
2018,fire_21998095,27,304,220,1805760,1990,0.0011020290625553784,-120.42696659759592,45.2246273379353
2018,fire_21998097,17,314,235,1254430,553,0.0004408376712929378,-116.38944641156803,45.21379197609285
2018,fire_21998100,13,305,221,876265,1769,0.002018795683954055,-119.97803074781432,45.178178223518785
2018,fire_21998103,21,322,246,1663452,1104,0.000663680106188817,-113.5046596657771,45.113640240763566
2018,fire_21998119,19,304,222,1282272,1864,0.0014536697362182126,-120.29295255242374,44.82656963334311
2018,fire_21998143,16,302,218,1053376,486,0.00046137371650768576,-121.36341953232592,44.71527888756309
2018,fire_21998152,15,318,242,1154340,239,0.00020704471819394632,-115.17192931799867,44.18111029043166
2018,fire_21998157,20,300,217,1302000,597,0.00045852534562211984,-122.2217458124482,44.07952519028032
2018,fire_21998187,25,318,246,1955700,732,0.0003742905353581838,-114.9947487277637,43.48021887833714
2018,fire_21998227,12,317,246,935784,30,3.2058680208253184e-05,-115.53375622403016,42.71534211849523
2018,fire_21998230,24,303,228,1658016,6409,0.0038654633007160367,-120.72897182513346,42.619500764762
2018,fire_21998255,20,329,265,1743700,175,0.00010036130068245685,-111.0573677057307,41.95824297075031
2018,fire_21998263,15,325,260,1267500,354,0.0002792899408284024,-112.35512762265517,41.85497571166674
2018,fire_21998264,28,315,247,2178540,5587,0.0025645615871179783,-115.9992133223166,41.725655198125025
2018,fire_21998265,14,325,259,1178450,329,0.0002791802791802792,-112.67917488772386,41.81745191560793
2018,fire_21998287,15,313,247,1159665,676,0.0005829269659772434,-116.80339986641907,40.80668747688986
2018,fire_21998291,13,315,250,1023750,138,0.0001347985347985348,-116.09205237366727,40.62100941965379
2018,fire_21998299,30,319,256,2449920,2109,0.0008608444357366771,-114.83843686213925,40.117136705052324
2018,fire_21998313,33,329,270,2931390,3228,0.0011011840799074841,-111.31316912488458,39.91653864617805
2018,fire_21999251,29,310,215,1932850,4775,0.002470445197506273,-118.04822467389764,48.973859689693
2018,fire_21999260,33,304,207,2076624,14698,0.007077834022914114,-120.34349427169751,48.70551217536347
2018,fire_21999270,35,320,233,2609600,2833,0.0010856069895769467,-113.94619699009897,48.62535794000652
2018,fire_21999273,29,310,216,1941840,1996,0.0010278910723849545,-118.15007887388417,48.63731402816837
2018,fire_21999299,29,315,225,2055375,3219,0.001566137566137566,-116.11643678715556,48.29190013676089
2018,fire_21999321,16,310,220,1091200,342,0.00031341642228739,-118.02541935906761,47.778045375855925
2018,fire_21999351,20,326,252,1643040,880,0.0005355925601324374,-111.88150282502413,45.14785686830326
2018,fire_21999354,26,327,252,2142504,886,0.00041353481720454195,-111.82910016784186,45.0025585950645
2018,fire_21999381,27,346,286,2671812,1254,0.0004693443999802381,-105.28999360959095,42.09949103505276
2018,fire_22141195,23,298,224,1535296,1163,0.000757508649797824,-123.64299516728423,41.851603722572186
2018,fire_22141243,16,306,246,1204416,457,0.00037943700515436526,-119.4378950764241,38.39024159514704
2018,fire_22141327,16,306,218,1067328,475,0.00044503657732206033,-119.46129509040786,46.754804958816734
2018,fire_22141343,16,306,220,1077120,474,0.00044006238859180036,-119.33141620048525,46.49757376653563
2018,fire_22141356,18,315,232,1315440,409,0.0003109225810375236,-116.06949850354268,46.39490061306439
2018,fire_22141426,15,305,219,1001925,439,0.0004381565486438606,-119.91973632840362,46.07449009263265
2018,fire_22141445,17,306,221,1149642,169,0.00014700228418933894,-119.69519113218526,45.69185817566151
2018,fire_22141461,19,318,241,1456122,739,0.0005075124199757987,-115.30079633241348,44.5747310104
2018,fire_22141465,16,325,252,1310400,78,5.9523809523809524e-05,-112.29667757303773,44.33562015519561
2018,fire_22141509,23,331,264,2009832,4843,0.002409654140246548,-110.40122159311629,43.0701893543181
2018,fire_22141528,17,330,264,1481040,3812,0.002573867012369686,-110.65588352058774,42.72241530020937
2018,fire_22141554,12,322,255,985320,236,0.0002395160962935899,-113.45196951445769,42.223950127731605
2018,fire_22141566,16,316,249,1258944,289,0.00022955747038788064,-115.9482730648468,41.285499071306525
2018,fire_22141567,16,342,284,1554048,1690,0.00108748249732312,-106.57561265455699,41.04188092674034
2018,fire_22141571,17,335,275,1566125,322,0.00020560300103759279,-109.05554863804825,40.9645327708486
2018,fire_22141572,13,324,261,1099332,142,0.00012916935011443313,-112.7813625851692,40.86417061797029
2018,fire_22141576,15,336,278,1401120,507,0.0003618533744433025,-108.53542128278339,40.678777578424324
2018,fire_22141577,25,317,252,1997100,260,0.00013018877372189674,-115.46184098381309,40.67248386506305
2018,fire_22141585,25,342,286,2445300,1706,0.000697664908191224,-106.59651485068156,40.25877015809129
2018,fire_22141596,28,328,268,2461312,7372,0.0029951505538509545,-111.55309018723773,39.94585617612118
2018,fire_22141683,18,347,307,1917522,30,1.5645192076023117e-05,-105.1492674772552,33.575505598194326
2018,fire_22257882,20,299,224,1339520,982,0.0007330984233158146,-123.97881944598718,42.53989788029517
2018,fire_22257911,12,300,230,828000,174,0.00021014492753623187,-122.14188808333121,40.23213010941046
2018,fire_22257961,16,300,238,1142400,382,0.00033438375350140054,-121.96927298196411,38.199929203744595
2018,fire_22258087,20,315,232,1461600,84,5.747126436781609e-05,-116.23046697111955,46.19864839655707
2018,fire_22258318,14,331,270,1251180,64,5.115171278313272e-05,-110.2739511182516,41.08118898934641
2018,fire_22258421,19,342,285,1851930,5,2.6998860648080652e-06,-106.61435893194597,40.30166793916676
2018,fire_22343661,21,301,234,1479114,6786,0.004587881664293625,-121.5788396908473,39.751906327388326
2018,fire_22343666,14,300,233,978600,18,1.8393623543838136e-05,-121.92716055877607,39.73030849536056
2018,fire_22343688,19,307,259,1510747,3220,0.002131395925327007,-118.80018289715495,34.117771733806684
2018,fire_22343689,11,306,259,871794,2997,0.003437738731856379,-118.9500334118808,34.212353348935565
2019,fire_22710141,19,308,233,1363516,90,6.600582611425169e-05,-118.96917931209593,42.85973568801214
2019,fire_22863125,19,302,248,1423024,47,3.302825532106275e-05,-120.79733666367041,35.81460732206618
2019,fire_22863172,34,328,282,3144864,1253,0.0003984274041739166,-111.31710011120599,34.48587687767334
2019,fire_22938746,13,326,282,1195116,735,0.0006150030624642295,-111.72527008834606,33.89677185669708
2019,fire_22938749,32,328,285,2991360,4549,0.0015207129867351305,-111.18725986633424,33.49676523257138
2019,fire_22939556,20,305,216,1317600,429,0.00032559198542805103,-119.77949852416043,46.853649562180834
2019,fire_22939600,27,347,306,2866914,1191,0.00041542927342780425,-105.25706087786578,33.63803917857873
2019,fire_23036522,18,298,221,1185444,1019,0.0008595935362615189,-123.28845572789662,42.866226494083385
2019,fire_23036523,14,302,229,968212,186,0.00019210668737838408,-121.22007496847029,41.82610036679353
2019,fire_23036542,11,320,269,946880,4,4.224400135180804e-06,-114.24501894646336,36.16877896048687
2019,fire_23036559,13,324,279,1175148,208,0.00017699898225585203,-112.44018019700813,34.283588205442335
2019,fire_23036564,23,330,288,2185920,66,3.0193236714975845e-05,-110.30604591211373,33.40831401361585
2019,fire_23036565,18,331,289,1721862,194,0.00011266872722668832,-110.14406409685364,33.409775267777576
2019,fire_23036575,18,332,291,1739016,154,8.855582697341484e-05,-109.7472920752906,33.13467702648852
2019,fire_23036803,14,303,213,903546,544,0.0006020722796625739,-120.52658739094792,46.814873212480784
2019,fire_23036804,16,306,217,1062432,324,0.0003049606939550014,-119.85023972683473,46.7796832574366
2019,fire_23036806,15,305,218,997350,324,0.00032486088133553917,-119.69456076085018,46.47321921214271
2019,fire_23036860,32,318,242,2462592,764,0.00031024221633141016,-115.01585368667553,44.53479029066765
2019,fire_23036871,17,324,253,1393524,201,0.00014423863528722865,-112.76019795890281,43.63445679945602
2019,fire_23036877,15,316,247,1170780,151,0.00012897384649549872,-115.64007431552714,42.2615979523051
2019,fire_23037423,15,335,258,1296450,285,0.00021983107717227815,-108.2657695738375,47.48868775119612
2019,fire_23037424,20,319,235,1499300,260,0.0001734142599879944,-114.36066310200832,47.44974750694395
2019,fire_23037431,15,326,246,1202940,352,0.0002926164230967463,-111.94162110555807,46.76834426593893
2019,fire_23159633,24,325,275,2145000,2514,0.001172027972027972,-112.28591221312388,36.3460678917067
2019,fire_23159637,20,326,278,1812560,547,0.0003017831133865913,-112.01889293884614,35.39198265633828
2019,fire_23159642,25,326,279,2273850,780,0.0003430305429118016,-111.89260651944124,35.01400913687175
2019,fire_23159647,33,323,277,2952543,715,0.00024216412766892812,-112.88797798032351,34.76404214551933
2019,fire_23159657,17,326,283,1568386,63,4.016868296452531e-05,-111.5817128987632,33.72224263293907
2019,fire_23159787,22,319,242,1698356,276,0.00016251009800065475,-114.46280145982587,45.33677448416521
2019,fire_23159789,20,316,236,1491520,211,0.00014146642351426733,-115.89349916200456,45.26488642840176
2019,fire_23159792,30,311,231,2155230,518,0.00024034557796615675,-117.42406632749845,45.183118846545376
2019,fire_23159821,23,309,230,1634610,1737,0.0010626387945748526,-118.42993978740392,44.269195288385646
2019,fire_23159836,16,317,246,1247712,196,0.00015708753302044062,-115.51590696438184,42.67367251507586
2019,fire_23159838,12,317,248,943392,145,0.00015370068857908483,-115.33490700945245,42.509773181024876
2019,fire_23159841,15,320,254,1219200,186,0.00015255905511811024,-114.17763314894393,41.951961657497726
2019,fire_23159842,15,324,257,1249020,182,0.0001457142399641319,-112.95731130009744,41.91150043650632
2019,fire_23159847,16,324,258,1337472,182,0.00013607761508278304,-112.93399930949593,41.788040886285685
2019,fire_23159853,14,323,258,1166676,198,0.00016971292801086163,-113.13488085215504,41.44989070885196
2019,fire_23159855,15,319,255,1220175,144,0.00011801585838096994,-114.54869230471786,40.79773118104486
2019,fire_23159860,16,317,253,1283216,437,0.00034055061657585316,-115.56552386067834,40.3182294715572
2019,fire_23159862,14,327,266,1217748,141,0.00011578750283309848,-111.82916204420995,40.07586782323453
2019,fire_23160475,25,309,217,1676325,2247,0.0013404321954274977,-118.48686415923841,47.9709757644418
2019,fire_23160488,19,336,258,1647072,263,0.00015967729401021935,-108.15557142789726,47.62822185594208
2019,fire_23160511,20,341,280,1909600,989,0.0005179095098449937,-106.8315240247739,42.339108914368396
2019,fire_23300665,13,302,229,899054,85,9.45438205046638e-05,-121.04570063209583,41.769226665450326
2019,fire_23300668,14,298,230,959560,835,0.0008701905039809913,-122.67562499761151,40.15715001653326
2019,fire_23300669,25,303,237,1795275,4489,0.0025004525769032598,-120.59314829205798,40.090358247109144
2019,fire_23300689,26,301,235,1839110,529,0.0002876391297964776,-121.54266797129266,39.28519066170369
2019,fire_23300699,28,304,242,2059904,758,0.0003679783135524762,-120.1594581505043,38.70728447231062
2019,fire_23300712,28,309,253,2188956,748,0.00034171541136505257,-118.34637497974428,37.0230070314418
2019,fire_23300741,19,325,282,1741350,146,8.384299537714991e-05,-111.97238065891116,33.97821074680577
2019,fire_23300744,14,311,266,1158164,108,9.325104216673976e-05,-117.25667809428938,33.55217692214108
2019,fire_23300839,24,314,231,1740816,463,0.00026596722456595067,-116.4738410471205,46.379975786015606
2019,fire_23300861,24,314,231,1740816,408,0.00023437284583781399,-116.55365249149986,46.323754714915516
2019,fire_23300886,18,314,230,1299960,211,0.00016231268654420136,-116.55794924613296,46.266606644291414
2019,fire_23301037,19,306,232,1348848,90,6.672360414220134e-05,-119.598137825105,42.647196009671795
2019,fire_23301046,21,314,242,1595748,883,0.000553345515707994,-116.85348979992338,42.468410819859734
2019,fire_23301095,18,325,268,1567800,320,0.00020410766679423395,-112.34295298328414,38.88877013714887
2019,fire_23301101,24,344,292,2410752,1252,0.0005193400233620049,-106.00526422567152,38.44114836265518
2019,fire_23301106,15,323,268,1298460,233,0.0001794433405726784,-113.13853705299678,38.06006112280743
2019,fire_23301386,12,327,246,965304,24,2.486263394744039e-05,-111.35537723705364,47.600140947569855
2019,fire_23301395,21,332,262,1826664,779,0.00042646047658463735,-109.85334958541975,44.388935419812135
2019,fire_23410594,19,298,234,1324908,2845,0.0021473189081807945,-122.7686129844284,38.68412549530799
2019,fire_23410601,15,304,246,1121760,521,0.00046444872343460276,-119.93004416155782,37.60681804997749
2019,fire_23410607,16,326,279,1455264,700,0.00048101237988433716,-112.0696932902114,35.09414641937427
2019,fire_23410616,20,308,260,1601600,681,0.0004251998001998002,-118.385666217696,34.45586134587714
2019,fire_23410617,19,308,260,1521520,846,0.0005560229244439771,-118.515155675418,34.32218801003341
2019,fire_23410619,15,307,259,1192695,368,0.00030854493395210007,-119.05502983006967,34.31546126495426
2019,fire_23410720,14,307,221,949858,38,4.0005979841197316e-05,-118.92876295532707,46.620627842174024
2019,fire_23493973,21,299,219,1375101,602,0.0004377860244447499,-123.78901555059706,43.594938093184474
2019,fire_23493978,19,329,261,1631511,168,0.00010297203022229087,-111.2614974383298,42.77187447961848
2019,fire_23493983,17,328,264,1472064,68,4.6193643754619364e-05,-111.46035035550665,41.81634407109069
2019,fire_23493986,19,328,264,1645248,68,4.1331154938343644e-05,-111.35981041654615,41.627436511670595
2019,fire_23572745,19,300,217,1236900,233,0.0001883741612094753,-124.00611981187085,44.35121575111688
2020,fire_23654679,28,336,293,2756544,102,3.7002855749808454e-05,-108.65821499957106,33.563079151360604
2020,fire_23756984,15,300,233,1048500,397,0.0003786361468764902,-122.11659589131379,39.630541068184826
2020,fire_23757491,15,308,234,1081080,45,4.1625041625041625e-05,-118.77351273223232,42.59944266441865
2020,fire_23757522,23,346,290,2307820,74,3.206489240928669e-05,-105.36094626032441,40.35673326532258
2020,fire_23947000,21,349,305,2235345,134,5.994600386070159e-05,-104.40318807298253,35.916960812353295
2020,fire_24025599,11,321,269,949839,197,0.00020740357049984262,-113.85350857168649,36.565335516680804
2020,fire_24025601,19,302,249,1428762,116,8.118916936480674e-05,-120.79516921251563,35.81794785568876
2020,fire_24025605,16,326,281,1465696,97,6.618016287142764e-05,-112.11621439963602,34.19107328748519
2020,fire_24025610,18,327,285,1677510,335,0.00019970074694040572,-111.2985864607213,33.38502210401257
2020,fire_24027563,23,306,219,1541322,162,0.00010510457905616088,-119.44453140220918,46.59902989184597
2020,fire_24027566,15,323,257,1245165,19,1.5259021896696422e-05,-113.34144097036317,41.55189612633157
2020,fire_24027570,15,325,262,1277250,100,7.829320806420043e-05,-112.49551781393392,40.833155034987236
2020,fire_24027580,17,353,305,1830305,424,0.00023165537984106473,-103.43255044948124,37.42745699762119
2020,fire_24103545,14,305,241,1029070,64,6.219207634077371e-05,-119.881391923324,39.5903352054554
2020,fire_24103557,30,325,274,2671500,3890,0.0014561107991764926,-112.22888285593976,36.76805442627791
2020,fire_24103560,17,316,264,1418208,145,0.00010224170220447213,-115.58598144805507,36.340918390794265
2020,fire_24103561,16,301,246,1184736,176,0.00014855630283877589,-121.29598323667547,35.97990968077689
2020,fire_24103571,27,327,284,2507436,5033,0.0020072296959922405,-111.36560262144882,33.76052501707919
2020,fire_24103572,12,326,281,1099272,89,8.096267347844756e-05,-112.03340029171838,33.95853944514673
2020,fire_24103581,18,330,288,1710720,814,0.00047582304526748974,-110.34846770365371,33.4998342607196
2020,fire_24103582,32,334,292,3120896,1632,0.0005229267492412435,-109.29466146607238,33.44267400279148
2020,fire_24103584,18,310,265,1478700,260,0.00017583012105227565,-117.46015999481818,33.428121064133066
2020,fire_24103590,20,311,266,1654520,264,0.00015956289437419916,-117.3850246293061,33.37577983569558
2020,fire_24104628,12,325,267,1041300,251,0.0002410448477864208,-112.2029839776681,39.586291886374084
2020,fire_24104631,20,326,267,1740840,260,0.00014935318581834058,-112.23000175156815,39.469267105683116
2020,fire_24104636,15,323,266,1288770,355,0.0002754564429649976,-113.16212140727143,38.63804791936159
2020,fire_24104639,14,320,263,1178240,145,0.0001230649103747963,-114.2173832780409,38.353709217145884
2020,fire_24104640,16,338,287,1552096,292,0.00018813269282312434,-108.20872538693934,37.292754179790535
2020,fire_24104644,12,353,306,1296216,129,9.952045029532115e-05,-103.37137374588545,37.04375291386844
2020,fire_24104654,17,334,286,1623908,806,0.0004963335361362835,-109.30569362816637,35.88827474762673
2020,fire_24104658,15,351,307,1616355,513,0.00031738077340683204,-104.00538086045955,35.75589862819754
2020,fire_24104674,24,339,299,2432664,1634,0.0006716916105142346,-107.41852790683319,33.58162486372488
2020,fire_24104857,22,342,277,2084148,73,3.5026303314351954e-05,-106.33185370497893,43.94555105455446
2020,fire_24191347,21,301,228,1441188,2156,0.0014959880320957431,-121.4503485806574,41.733180263869905
2020,fire_24191357,20,303,233,1411980,1156,0.0008187084802900891,-120.80788808316328,41.06409555539633
2020,fire_24191360,15,303,234,1063530,625,0.0005876656041672543,-120.8045608674868,40.42223712670369
2020,fire_24191363,19,304,239,1380464,175,0.00012676897043312972,-119.9836907664351,39.84807529742097
2020,fire_24191364,12,306,244,895968,679,0.000757839565698775,-119.57853333861533,38.86399679154084
2020,fire_24191372,15,319,264,1263240,284,0.00022481872011652576,-114.59912847039753,37.39923570405407
2020,fire_24191373,13,318,264,1091376,208,0.0001905850962454736,-114.78385546035678,37.33308792689771
2020,fire_24191375,12,319,265,1014420,976,0.000962126141046115,-114.52307122961437,37.30613429223734
2020,fire_24191376,19,319,265,1606165,1059,0.0006593345017479525,-114.60425579485685,37.183880077566634
2020,fire_24191377,12,322,268,1035552,388,0.00037467939804085163,-113.54738934550193,37.19964060014651
2020,fire_24191384,14,301,243,1024002,295,0.00028808537483325226,-121.4522529175432,37.016409441371295
2020,fire_24191389,20,325,274,1781000,225,0.00012633352049410443,-112.5808705249597,36.301802808821776
2020,fire_24191393,18,303,248,1352592,995,0.0007356246377325904,-120.56200510459813,36.180175616310294
2020,fire_24191395,14,311,259,1127686,206,0.0001826749644847945,-117.4631159896632,36.01268198693185
2020,fire_24191402,12,307,256,943104,51,5.4076750814332244e-05,-118.64672558266504,35.30831967175136
2020,fire_24191411,15,326,280,1369200,275,0.00020084721004966403,-112.00196237038138,34.45959582175388
2020,fire_24191418,21,313,265,1741845,1732,0.0009943479471479955,-116.85396717133258,34.02548978795843
2020,fire_24191419,15,327,283,1388115,106,7.636254921242116e-05,-111.34114096240756,34.04009066485864
2020,fire_24191423,24,331,288,2287872,1033,0.0004515112733579501,-110.38867924365113,33.552590192930325
2020,fire_24191427,26,331,289,2487134,775,0.0003116036369572367,-110.25517324160974,33.44153606116704
2020,fire_24191673,18,306,213,1173204,94,8.012246804477312e-05,-119.79001611040995,47.7836952211064
2020,fire_24191680,21,306,217,1394442,104,7.458180404778398e-05,-119.5397874229781,46.794333589491565
2020,fire_24191728,13,324,252,1061424,18,1.6958350291683625e-05,-113.03060014349278,43.72609959772799
2020,fire_24191741,18,320,256,1474560,129,8.748372395833333e-05,-114.3137869340251,40.94710482949377
2020,fire_24191743,18,316,252,1433376,210,0.00014650726676043133,-115.75274757581695,40.56468124796309
2020,fire_24191756,16,321,265,1361040,571,0.00041953212249456296,-114.02864698837308,37.97702454614176
2020,fire_24191760,17,326,274,1518508,384,0.00025287980043569084,-112.06311669583579,36.989877712512715
2020,fire_24191933,16,308,215,1059520,136,0.0001283600120809423,-119.02530116145488,48.157956802021964
2020,fire_24191943,18,320,235,1353600,289,0.0002135047281323877,-114.45427570243446,47.30313539968909
2020,fire_24191979,16,343,276,1514688,149,9.837009337896649e-05,-105.75063844123781,45.07727689827367
2020,fire_24332591,35,299,226,2365090,9577,0.0040493173621299824,-123.39514137651409,41.212637175788714
2020,fire_24332592,32,305,235,2293600,3111,0.0013563829787234043,-120.07910584841007,41.09520190503845
2020,fire_24332600,20,298,226,1346960,2192,0.0016273682960147296,-123.51563790306245,41.17669213068598
2020,fire_24332608,59,298,227,3991114,16632,0.004167257562675483,-123.39673581439743,41.10622516933317
2020,fire_24332619,15,306,237,1087830,909,0.0008356085050053776,-119.6000923056311,40.86083935116906
2020,fire_24332622,29,302,235,2058130,6726,0.0032680151399571457,-120.72167181537279,40.32435898608423
2020,fire_24332628,76,297,230,5191560,88473,0.017041698449021103,-122.97952458804824,39.91265002672727
2020,fire_24332647,60,301,236,4262160,22796,0.005348461812789759,-121.19870158472767,39.7263573871598
2020,fire_24332676,17,305,239,1239215,1268,0.0010232284147625715,-120.10804469986782,39.70430100599105
2020,fire_24332700,29,298,236,2039512,10854,0.0053218613079991685,-122.23892764996224,38.624428312067025
2020,fire_24332702,20,297,235,1395900,3063,0.0021942832581130453,-123.02082019965832,38.6184530446825
2020,fire_24332704,27,305,245,2017575,2630,0.0013035450974561045,-119.56245718489026,38.52402531229421
2020,fire_24332728,19,307,248,1446584,18,1.2443107348069659e-05,-118.98658133392854,37.93483879916348
2020,fire_24332731,15,304,245,1117200,220,0.00019692087361260295,-120.26531513478325,37.78740117865088
2020,fire_24332732,32,300,242,2323200,14315,0.006161759641873279,-121.4350040971769,37.34234985447351
2020,fire_24332746,25,298,240,1788000,5016,0.0028053691275167787,-122.23290167483688,37.1440240679384
2020,fire_24332760,19,301,244,1395436,5108,0.003660504673808043,-121.56135309893594,36.48032289551547
2020,fire_24332761,17,300,245,1249500,5104,0.004084833933573429,-121.65241457091996,36.41884792051177
2020,fire_24332763,61,308,255,4790940,25850,0.005395600863296138,-118.53275471913831,36.207727426946626
2020,fire_24332764,46,300,245,3381000,10090,0.002984324164448388,-121.46674439174546,36.075180053800956
2020,fire_24332768,13,310,258,1039740,517,0.0004972396945390194,-117.5985510028347,36.06783339458834
2020,fire_24332776,14,321,271,1217874,266,0.0002184133990872619,-113.78856186589724,35.77561033090798
2020,fire_24332779,17,308,257,1345652,448,0.0003329241141097401,-118.48394932668938,35.456030936754196
2020,fire_24332783,14,316,266,1176784,301,0.00025578185971257257,-115.58468540151084,35.29209157478545
2020,fire_24332784,18,320,273,1572480,198,0.00012591575091575093,-113.870835606423,35.019246761140124
2020,fire_24332785,19,322,276,1688568,433,0.0002564303007045023,-113.23736092658513,34.79117126165418
2020,fire_24332787,22,308,259,1754984,1639,0.0009339116481973625,-118.55529376564695,34.678360198924125
2020,fire_24332791,16,310,262,1299520,507,0.00039014405318886974,-117.90394990693727,34.19691811218505
2020,fire_24332793,17,325,279,1541475,252,0.0001634797839731426,-112.54722040807304,34.04244629890738
2020,fire_24332796,17,328,285,1589160,1037,0.000652545999144202,-111.16893487000704,33.9747520710032
2020,fire_24332798,16,330,287,1515360,2641,0.0017428201879421392,-110.69229721009768,33.82001341879725
2020,fire_24332800,14,329,286,1317316,2247,0.0017057410674431951,-110.87356420946622,33.662184663457
2020,fire_24332801,22,330,287,2083620,2491,0.0011955154970676035,-110.63029985763578,33.52876197058074
2020,fire_24332803,18,329,286,1693692,2739,0.0016171771490920428,-110.92486721962933,33.52643276573169
2020,fire_24332808,14,327,284,1300152,572,0.0004399485598606932,-111.41762909069257,33.43661314512845
2020,fire_24332815,16,330,288,1520640,1097,0.000721406776094276,-110.5477110928285,33.11820386486008
2020,fire_24332872,20,308,218,1342880,1942,0.0014461455975217443,-118.78611418955042,47.53518279605551
2020,fire_24332880,22,303,213,1419858,2182,0.001536773395649424,-120.64342764141588,46.84096359189267
2020,fire_24332885,16,305,215,1049200,391,0.00037266488753335875,-120.15020221616469,46.681241771794376
2020,fire_24332894,14,304,215,915040,311,0.00033987585242175206,-120.58397659511975,46.52079557413482
2020,fire_24332922,28,317,239,2121364,4790,0.0022579811856899617,-115.396220739204,45.2478762981167
2020,fire_24332923,29,301,217,1894193,8918,0.004708073570116667,-121.41552284737799,45.146423028559774
2020,fire_24332925,33,323,247,2632773,1285,0.0004880785392436036,-113.3928728001707,44.8864529356462
2020,fire_24332933,25,301,217,1632925,4008,0.002454491173813862,-121.57707402021897,44.78734645220404
2020,fire_24332934,39,317,239,2954757,4843,0.0016390518746550054,-115.46979473646753,44.80042047577062
2020,fire_24332939,52,299,215,3342820,35273,0.010551869379745246,-122.14564498998666,44.806519240209894
2020,fire_24332949,21,301,218,1377978,2334,0.0016937861126955583,-121.56847394115705,44.463149704186954
2020,fire_24332954,18,303,223,1216242,283,0.00023268395598902193,-120.50032048404503,44.02950162788606
2020,fire_24332956,27,311,233,1956501,1298,0.0006634292545723207,-117.93598454064595,43.92085956144801
2020,fire_24332969,16,319,246,1255584,143,0.00011389122511914774,-114.82836168572051,43.476807479131665
2020,fire_24332989,14,318,248,1104096,62,5.615453728661276e-05,-115.2731975971652,42.27107304932871
2020,fire_24332991,14,324,257,1165752,114,9.779095382208223e-05,-112.85838802522309,42.07807167253034
2020,fire_24332995,18,334,274,1647288,236,0.00014326577987577158,-109.25937459064363,40.99791094914777
2020,fire_24333000,45,331,270,4021650,5721,0.0014225504457125806,-110.59036316035868,40.58758281329599
2020,fire_24333006,28,344,288,2774016,3069,0.0011063382475083056,-105.8405712077779,40.61924749096843
2020,fire_24333012,27,345,288,2682720,3838,0.0014306375618774974,-105.63589699667628,40.64309442163694
2020,fire_24333026,30,344,289,2982480,1610,0.0005398192108580778,-106.01963521351145,39.83421377305368
2020,fire_24333033,29,341,286,2828254,2863,0.001012285318079635,-107.19619388529233,39.59732647890934
2020,fire_24333039,39,337,281,3693183,7755,0.0020998147126746764,-108.53969481839427,39.43389193696216
2020,fire_24333255,16,306,210,1028160,949,0.0009230080921257392,-119.56569320730976,48.860395710222086
2020,fire_24333259,26,322,237,1984164,459,0.00023133168427609814,-113.14774412486076,48.146862806282925
2020,fire_24333267,9,339,266,811566,4,4.9287427023803365e-06,-107.03018406469441,46.750211864667726
2020,fire_24333270,19,336,262,1672608,944,0.0005643880694101666,-108.37084094683007,46.31646015579993
2020,fire_24333277,15,342,272,1395360,994,0.0007123609677789245,-106.12537614512053,45.85007800209332
2020,fire_24333279,19,339,269,1732629,720,0.0004155534739404685,-107.01818811466386,45.66929343427406
2020,fire_24333285,18,341,272,1669536,994,0.0005953750023958753,-106.22441771680597,45.67062057300582
2020,fire_24333287,16,341,274,1494944,190,0.00012709506175482158,-106.49632151723978,44.910349611162864
2020,fire_24333293,13,351,294,1341522,82,6.112460324914537e-05,-103.45350351555433,41.65438135222369
2020,fire_24461320,25,298,222,1653900,2267,0.0013706995586190217,-122.69558394912707,42.53185392961159
2020,fire_24461328,33,298,224,2202816,13053,0.005925597053952758,-123.50367370092728,41.94349294823969
2020,fire_24461347,24,297,224,1596672,12649,0.007922102974186308,-123.23667906508676,41.9223997676077
2020,fire_24461421,15,298,228,1019160,6195,0.006078535264335335,-122.62122403648179,40.43739950316357
2020,fire_24461607,20,298,235,1400600,3314,0.002366128801942025,-122.54318356629756,38.53814541974751
2020,fire_24461618,30,306,247,2267460,19018,0.008387358542157304,-119.61161943320815,37.837970037096134
2020,fire_24461623,48,306,249,3657312,45919,0.01255539587544076,-119.30986325769709,37.308636189606815
2020,fire_24461771,33,309,262,2671614,8904,0.0033328167916472965,-117.92838106364782,34.33132776294707
2020,fire_24461780,30,312,266,2489760,2476,0.0009944733628944155,-116.95657069293748,34.09303251460004
2020,fire_24461785,14,326,282,1287048,389,0.00030224202982328553,-111.778757649765,33.91850935658905
2020,fire_24461789,27,334,292,2633256,3699,0.0014047247969813798,-109.08951598581433,33.52639180668612
2020,fire_24461899,31,306,213,2020518,7188,0.003557503570866481,-119.53741262315823,48.042939802336605
2020,fire_24461930,15,306,212,973080,5501,0.0056531837053479675,-119.95017478046378,47.912923377064054
2020,fire_24461965,10,306,214,654840,5225,0.007979048317146173,-119.68705687855216,47.70989930342203
2020,fire_24461996,18,308,218,1208592,2010,0.0016630922594225346,-118.4901887215107,47.61503483519061
2020,fire_24462033,17,311,225,1189575,407,0.0003421389992224114,-117.42834764566079,46.918437486276666
2020,fire_24462088,14,309,222,960372,146,0.00015202442386908407,-118.56848742374635,46.56333608591989
2020,fire_24462127,17,315,232,1242360,774,0.0006230078238191829,-116.08402503014977,46.39578435135797
2020,fire_24462212,13,299,211,820157,1683,0.002052046132630704,-122.07006770305543,45.95697480895759
2020,fire_24462233,29,318,238,2194836,2261,0.0010301453047061376,-115.11187373707196,45.76020641350751
2020,fire_24462243,13,307,224,893984,185,0.00020693882664566703,-119.14840001568868,45.34221846281744
2020,fire_24462263,35,299,213,2229045,30497,0.01368164393271558,-122.22692450833506,45.110915535548166
2020,fire_24462306,19,299,215,1221415,159,0.00013017688500632462,-123.93671722304589,45.01179560684662
2020,fire_24462335,31,314,234,2277756,7675,0.0033695444112538833,-116.7637451412976,44.7386969483584
2020,fire_24462488,35,299,216,2260440,12322,0.0054511511033250165,-122.47637677795443,44.15018895363918
2020,fire_24462604,18,317,245,1397970,642,0.0004592373226893281,-115.14446950079979,43.52273275495761
2020,fire_24462610,36,297,219,2341548,8916,0.0038077374454847817,-122.93905839934716,43.368034285422034
2020,fire_24462691,27,299,220,1776060,1610,0.0009065009065009065,-122.12907738463176,43.2060287499055
2020,fire_24462753,29,303,228,2003436,2936,0.0014654823014061842,-120.564500288182,42.616120632227386
2020,fire_24462764,14,300,224,940800,1062,0.001128826530612245,-121.90833648013785,42.63850279881846
2020,fire_24462788,25,320,252,2016000,2248,0.0011150793650793651,-114.19367697734191,42.22646033928617
2020,fire_24462819,33,343,285,3225915,16898,0.005238203734444336,-106.2827290012937,41.101058887235055
2020,fire_24462847,44,345,288,4371840,9964,0.002279131898697116,-105.67535698098965,40.72644640986511
2020,fire_24462867,42,341,285,4081770,6811,0.0016686388503026873,-106.76292620421061,40.62385993254255
2020,fire_24462882,21,345,288,2086560,3805,0.0018235756460394143,-105.71761422931185,40.51807831287237
2020,fire_24462912,16,327,267,1396944,211,0.00015104399317367054,-111.7774072996071,39.89904233287818
2020,fire_24463162,19,310,217,1278130,1753,0.001371534976880286,-118.23279562523045,48.326892607357074
2020,fire_24463172,27,309,217,1810431,2331,0.0012875387131572537,-118.30293879147492,48.169468235700464
2020,fire_24463187,12,339,265,1078020,292,0.00027086695979666427,-106.83562177307978,47.32498806283479
2020,fire_24463188,13,312,224,908544,365,0.0004017416877993801,-117.4514159587422,47.24193623962429
2020,fire_24463190,12,331,253,1004916,184,0.00018309988098507736,-109.81262684671698,47.129375328016344
2020,fire_24463206,14,338,268,1268176,188,0.00014824440771627913,-107.23490405047492,45.97916156173341
2020,fire_24463211,14,329,253,1165318,281,0.00024113589595286438,-110.92679472459866,45.73684057859731
2020,fire_24463227,18,341,282,1730916,383,0.00022127012518227343,-106.57319831217148,41.826794684717264
2020,fire_24604426,11,305,240,805200,330,0.0004098360655737705,-119.95391845968472,39.77804933920105
2020,fire_24604435,26,307,249,1987518,14850,0.007471630445611058,-119.12902712290499,37.45317883575135
2020,fire_24604456,19,324,279,1717524,489,0.0002847121786944462,-112.41720132557663,34.241250514859445
2020,fire_24604462,16,310,263,1304480,971,0.0007443579050656201,-117.70031576872455,33.911382006364676
2020,fire_24604463,17,310,264,1391280,961,0.0006907308377896613,-117.69786179046939,33.722183007149866
2020,fire_24604676,16,323,249,1286832,99,7.693311947480324e-05,-112.94790690766162,44.6621070337091
2020,fire_24604731,22,346,290,2207480,4,1.812020946962147e-06,-105.42539474552527,40.54140236726477
2020,fire_24604754,16,346,289,1599904,5475,0.003422080324819489,-105.4461280688916,40.537943602980164
2020,fire_24604777,13,327,267,1135017,165,0.0001453722719571601,-111.63714175110992,40.34322120559789
2020,fire_24604783,37,344,288,3665664,6809,0.001857507943990502,-105.9737367779759,40.20981415895319
2020,fire_24604832,11,346,291,1107546,427,0.00038553703412770216,-105.32914762458965,40.15711562703391
2020,fire_24604848,15,346,301,1562190,1144,0.0007323052893694109,-105.3595221175208,36.228196531473984
2020,fire_24695413,24,300,233,1677600,560,0.00033381020505484027,-122.0134619905075,39.815541931722315
2020,fire_24695430,15,300,235,1057500,691,0.0006534278959810874,-121.68955106628226,39.33593079547388
2020,fire_24695442,15,301,236,1065540,606,0.0005687257165380934,-121.60249118977053,39.22848276235774
2020,fire_24695447,16,300,235,1128000,705,0.000625,-121.62292750664912,39.183110493838846
2020,fire_24695497,23,306,245,1724310,106,6.147386490828216e-05,-119.41454147537323,38.5584316146251
2020,fire_24695532,19,311,252,1489068,7,4.700927022808898e-06,-117.71118534334829,38.17806672383052
2020,fire_24695557,17,307,248,1294312,15,1.1589168608496252e-05,-119.24130799646824,37.537886124902165
2020,fire_24695566,23,306,250,1759500,11,6.25177607274794e-06,-119.16765462145598,37.40207788647189
2020,fire_24695584,18,306,249,1371492,15,1.0936994164019915e-05,-119.25392563649501,37.24268827811358
2020,fire_24695627,17,310,264,1391280,507,0.0003644126272209764,-117.66033615605146,33.74082118850308
2020,fire_24695756,15,309,231,1070685,250,0.0002334953791264471,-118.4777663630745,43.85923898274193
2020,fire_24695758,14,308,231,996072,269,0.00027006079881775616,-118.64685290649082,43.84387399587413
2020,fire_24695963,13,324,270,1137240,118,0.00010375998030319018,-112.6758025188583,37.658008107947765
2020,fire_24695970,24,324,271,2107296,126,5.979226458931256e-05,-112.65794794469699,37.49821500830612
2021,fire_24935867,27,304,245,2010960,287,0.0001427179058758006,-120.03791946327156,37.937324125516014
2021,fire_24935874,29,305,245,2167025,266,0.0001227489299846564,-119.90941623773212,37.84785973825285
2021,fire_24935885,13,303,247,972933,164,0.00016856248066413618,-120.54443194561969,36.67326916652397
2021,fire_24936357,15,344,296,1527360,78,5.106851037083595e-05,-106.22522781333592,36.3466821261033
2021,fire_25017306,22,315,231,1600830,183,0.00011431569873128315,-116.32363816045441,46.2919295417927
2021,fire_25017323,25,315,232,1827000,191,0.00010454296661193213,-116.35755924559733,46.23314583670392
2021,fire_25017384,28,303,222,1883448,117,6.212011162506212e-05,-121.08059659438078,43.811141283387975
2021,fire_25017416,27,301,226,1836702,227,0.0001235910888102697,-121.26377681618276,42.62548056600611
2021,fire_25084892,17,345,305,1788825,130,7.26734029320923e-05,-105.8373685948228,33.41337957416571
2021,fire_25086458,19,344,270,1764720,82,4.6466294936307174e-05,-104.87465614415618,48.09308673930366
2021,fire_25086466,14,347,278,1350524,118,8.737349354768963e-05,-103.59932028378408,47.14488080210126
2021,fire_25088018,14,348,278,1354416,284,0.00020968446917342973,-103.30609334270025,47.621025568444125
2021,fire_25088019,23,350,281,2262050,302,0.0001335072169050198,-102.5957629340621,47.556113033255464
2021,fire_25138926,22,314,259,1789172,476,0.00026604485203211316,-116.41779391814524,37.074851303039914
2021,fire_25138935,17,325,280,1547000,213,0.00013768584356819652,-112.40022014526434,34.10365242939249
2021,fire_25138942,17,338,297,1706562,381,0.00022325587936447664,-108.06504752909565,33.464683604532546
2021,fire_25138947,47,337,295,4672505,381,8.154084372301368e-05,-108.46895324841375,33.19813029335206
2021,fire_25204812,18,300,226,1220400,2729,0.0022361520812848247,-122.04127202555836,41.717676692899936
2021,fire_25204815,18,299,226,1216332,2733,0.0022469194266039206,-122.27840632646163,41.474526853793506
2021,fire_25204820,19,299,228,1295268,820,0.0006330736187414496,-122.36023537594501,40.91427192497169
2021,fire_25204835,17,321,267,1457019,93,6.382895487292891e-05,-113.75454712459359,37.618707605232856
2021,fire_25204848,15,300,245,1102500,330,0.00029931972789115646,-121.54341253446213,36.207978480471496
2021,fire_25204858,20,326,278,1812560,754,0.00041598622942137087,-111.79989968598849,35.51948386556882
2021,fire_25204859,25,326,278,2265700,3496,0.0015430109899810212,-112.016546115674,35.01871069232165
2021,fire_25204868,17,330,285,1598850,595,0.0003721424774056353,-110.61300715281342,34.492661702146506
2021,fire_25204869,29,327,281,2664723,1434,0.0005381422384240313,-111.674977843238,34.4041736174973
2021,fire_25204877,20,325,280,1820000,914,0.0005021978021978022,-112.22263660789768,34.1653009318408
2021,fire_25204897,29,333,292,2819844,2975,0.0010550229019761377,-109.36860738416698,33.479422107821385
2021,fire_25204900,28,329,286,2634632,44,1.6700624603360165e-05,-110.83946777385249,33.25307984417485
2021,fire_25205245,14,309,222,960372,59,6.143452745394494e-05,-118.52148373153238,46.48049305710194
2021,fire_25205247,18,313,230,1295820,199,0.00015357071198160237,-117.08463992995586,45.9862957692048
2021,fire_25205255,12,303,217,789012,112,0.00014194967883885163,-120.96081007926581,45.45651012152539
2021,fire_25205259,18,302,217,1179612,505,0.00042810686903829395,-121.43181624272829,45.07407127398662
2021,fire_25205260,11,302,218,724196,135,0.00018641362283138818,-121.04655765570992,44.84533059519794
2021,fire_25205295,22,335,275,2026750,282,0.00013913901566547427,-108.94830392476828,40.9882611347012
2021,fire_25205306,21,342,285,2046870,4,1.954203246908695e-06,-106.71328392674297,40.69899403380847
2021,fire_25205312,21,341,284,2033724,4,1.9668352244454015e-06,-106.74075251102913,40.65089275783117
2021,fire_25205336,22,342,285,2144340,263,0.0001226484605985991,-106.74213946017137,40.13885882671334
2021,fire_25205354,24,329,270,2131920,1722,0.0008077226162332545,-111.21125747028192,39.84884407652352
2021,fire_25205362,27,336,278,2522016,854,0.00033861799449329423,-108.84186187393551,39.742409220380324
2021,fire_25205363,20,330,271,1788600,1738,0.000971709717097171,-110.9173236625672,39.74579260855688
2021,fire_25205387,23,342,287,2257542,354,0.00015680771387641958,-106.7291678587776,39.45564061382965
2021,fire_25205462,26,334,281,2440204,643,0.0002635025596220644,-109.30513063661617,38.454912559484804
2021,fire_25205788,12,328,251,987936,277,0.0002803825349010462,-111.12949732452661,46.36145436956791
2021,fire_25205814,19,336,265,1691760,303,0.00017910341892467016,-108.36345301384137,45.196748064780614
2021,fire_25205827,18,334,262,1575144,833,0.0005288405377540086,-109.20268567010017,45.077126217141334
2021,fire_25205936,29,329,259,2471119,8,3.2373997367184665e-06,-110.76443712898121,44.25391727412433
2021,fire_25205954,24,330,261,2067120,8,3.870118812647548e-06,-110.36929856245433,44.127540123531496
2021,fire_25205956,20,330,260,1716000,8,4.662004662004662e-06,-110.59333158553714,44.09849526954521
2021,fire_25294687,63,297,227,4247397,57021,0.013424928256058946,-122.89201625879507,41.13894878471208
2021,fire_25294691,63,297,226,4228686,63008,0.0149001368273738,-123.13533697890595,41.04095686845025
2021,fire_25294692,62,297,228,4198392,59694,0.014218300720847411,-123.25458123199991,40.72320866300372
2021,fire_25294706,41,297,230,2800710,18922,0.006756143977777063,-122.90884217731387,40.27412842318787
2021,fire_25294714,72,302,235,5109840,72396,0.014167958292236157,-121.05600540190937,40.208848379959335
2021,fire_25294735,23,304,238,1664096,5003,0.0030064371286271947,-120.17942811945801,39.937453947026455
2021,fire_25294746,32,305,243,2371680,4501,0.001897810834513931,-119.72981060485844,38.721384451045445
2021,fire_25294754,15,305,247,1130025,464,0.00041061038472600165,-119.82913382949687,37.3321549245666
2021,fire_25294757,13,321,270,1126710,49,4.348945158914006e-05,-113.79431181839743,36.20373814004409
2021,fire_25294976,17,304,212,1095616,278,0.0002537385361294468,-120.36152684263615,47.52156032160519
2021,fire_25294977,16,305,213,1039440,622,0.0005983991379973832,-120.09990930712696,47.432559698005235
2021,fire_25294983,11,304,215,718960,167,0.00023227995994213864,-120.37412523799935,46.71529040123997
2021,fire_25294984,16,309,222,1097568,64,5.8310737922388405e-05,-118.39325021508928,46.725167868060886
2021,fire_25294989,10,312,228,711360,5200,0.007309941520467836,-117.19042171573075,46.361386341661095
2021,fire_25294991,26,312,228,1849536,9748,0.005270511090349147,-117.3947560389331,46.2230878290271
2021,fire_25294998,36,313,231,2602908,5217,0.0020042967327312377,-116.82033327776894,46.033022627493125
2021,fire_25294999,60,312,226,4230720,14043,0.0033192931699568867,-117.64302006468495,46.17088955331039
2021,fire_25295023,28,311,228,1985424,9781,0.004926403629652911,-117.59959061565829,45.87009402770428
2021,fire_25295026,20,318,237,1507320,1862,0.0012353050447151234,-114.9598234512019,45.86095650407947
2021,fire_25295031,40,317,238,3017840,6269,0.0020773135752723804,-115.38779826869572,45.54102260689186
2021,fire_25295057,27,319,242,2084346,2482,0.0011907811850815555,-114.39729332185152,45.16977111309852
2021,fire_25295073,13,301,219,856947,302,0.00035241385990032053,-121.42556063581166,44.430884491706195
2021,fire_25295081,35,299,217,2270905,3684,0.0016222607286522333,-122.42419084448103,43.97099529905823
2021,fire_25295089,31,298,219,2023122,2256,0.0011151082337100778,-122.66645243646045,43.28145795456338
2021,fire_25295099,41,302,226,2798332,23676,0.008460754478024766,-121.07643285074703,42.62079879111596
2021,fire_25295127,14,342,284,1359792,493,0.0003625554496570064,-106.79983873317525,40.71487238153679
2021,fire_25295804,25,319,230,1834250,406,0.00022134387351778657,-114.44898164160442,48.7705116388071
2021,fire_25295808,49,305,209,3123505,15402,0.004930998989916776,-120.16221157169514,48.66575875690635
2021,fire_25295816,27,315,225,1913625,2106,0.0011005291005291005,-115.89369394169677,48.58220238547704
2021,fire_25295818,38,304,208,2402816,12716,0.005292123907948008,-120.39667362734758,48.51440770111284
2021,fire_25295831,42,309,216,2803248,8524,0.003040758434501692,-118.5006759536835,48.359643540018176
2021,fire_25295837,39,315,225,2764125,2834,0.0010252792475014697,-116.2219766960652,48.335340415265534
2021,fire_25295843,19,308,215,1258180,3103,0.002466260789394204,-118.86543684489543,48.13880891380137
2021,fire_25295852,59,317,230,4301690,4641,0.001078878301318784,-115.29583312427876,47.675570837756425
2021,fire_25295855,48,316,228,3458304,1491,0.0004311361869864535,-115.97785256740309,47.62334541526294
2021,fire_25295856,18,337,261,1583226,608,0.00038402603292265287,-107.57868690446206,47.572306449656836
2021,fire_25295857,18,331,253,1507374,308,0.00020432885269349214,-109.65843182864369,47.500228934370725
2021,fire_25295862,30,316,231,2189880,4548,0.002076826127459039,-115.5170923467536,47.19559624894098
2021,fire_25295869,26,326,247,2093572,1400,0.0006687135670519094,-111.67383826016501,47.113572921679335
2021,fire_25295877,33,328,250,2706000,1947,0.0007195121951219512,-110.87700201886366,46.993651277748334
2021,fire_25295902,34,328,250,2788000,4093,0.001468077474892396,-111.27399130795192,46.538775645513134
2021,fire_25295908,19,337,264,1690392,332,0.00019640414767698854,-107.86934438394012,46.48476692807337
2021,fire_25295909,41,320,238,3122560,4728,0.0015141422422627587,-114.50493280709699,46.47613584667187
2021,fire_25295923,12,338,265,1074840,323,0.0003005098433255182,-107.7159951214983,46.25922856687696
2021,fire_25295927,48,331,254,4035552,1617,0.00040068867902086255,-110.31231851283371,46.17262965760848
2021,fire_25295931,14,338,267,1263444,408,0.00032292685706687436,-107.442379992359,45.82234970459987
2021,fire_25295934,27,324,245,2143260,2308,0.0010768642161940222,-113.0543854694134,45.78739352321996
2021,fire_25295937,21,340,269,1920660,406,0.00021138566950943948,-106.86567525644737,45.77745116249163
2021,fire_25295938,30,323,245,2374050,3363,0.0014165666266506604,-113.2109096566913,45.7757197132464
2021,fire_25295941,40,322,243,3129840,4063,0.0012981494261687498,-113.77299898262581,45.645656070577544
2021,fire_25295951,17,340,271,1566380,344,0.0002196146528939338,-106.75552110157054,45.23744401775735
2021,fire_25295956,25,327,254,2076450,919,0.00044258229189241254,-111.60758642256921,44.73056167705514
2021,fire_25295966,17,348,290,1715640,7,4.08011004639668e-06,-104.4752919006433,41.71423122953361
2021,fire_25410438,22,298,220,1442320,3938,0.0027303233679072604,-123.10719540053313,42.910440346874616
2021,fire_25410444,35,300,227,2383500,7389,0.0031000629326620515,-121.88844093102908,41.56092852720324
2021,fire_25410445,61,298,225,4090050,31076,0.007597951125291867,-123.36359128773901,41.57248212699171
2021,fire_25410483,30,298,225,2011500,30199,0.015013174248073576,-123.25011501925094,41.305936628256966
2021,fire_25410659,21,304,237,1513008,13211,0.008731612787242368,-120.48350058390756,40.201190895928406
2021,fire_25410700,38,304,242,2795584,24012,0.008589260776996864,-120.31910818836248,38.70429948622358
2021,fire_25410727,18,314,259,1463868,787,0.0005376167796549963,-116.14872276189595,37.30245832394506
2021,fire_25410735,28,309,254,2197608,2127,0.000967870521039239,-118.5458179889195,36.30785884789836
2021,fire_25410746,26,307,256,2043392,3067,0.001500935699072914,-118.55959246548521,35.6936082756599
2021,fire_25410845,41,304,210,2617440,3516,0.0013432972675591417,-120.31920773398522,47.959256513768686
2021,fire_25410858,55,302,212,3521320,13079,0.003714232162938898,-121.12387536561748,46.81441555880716
2021,fire_25410883,22,314,230,1588840,486,0.0003058835376752851,-116.51443872061931,46.55109536394693
2021,fire_25410907,28,315,232,2046240,742,0.00036261631089217297,-116.16861397123446,46.265849189093004
2021,fire_25410960,18,315,234,1326780,883,0.0006655210358914062,-116.05887327961966,45.978992650710445
2021,fire_25410972,28,316,236,2088128,1844,0.0008830876268121494,-115.78169593041991,45.541415978432276
2021,fire_25410985,23,318,240,1755360,1508,0.0008590830370978033,-115.02964306218254,45.254798840406814
2021,fire_25410996,31,300,215,1999500,1809,0.0009047261815453864,-122.02577423956753,44.88489108497719
2021,fire_25411006,47,318,241,3601986,12175,0.0033800797671062577,-115.04290588112657,44.69872012295533
2021,fire_25411013,52,317,242,3989128,12222,0.0030638274830990632,-115.20220670408057,44.552811012719296
2021,fire_25411029,27,309,232,1935576,2210,0.001141778984653664,-118.36092098106597,44.13137174706244
2021,fire_25411057,26,298,218,1689064,7917,0.0046872113786096915,-122.63049888419809,43.49407800345413
2021,fire_25411093,46,297,219,2991978,17496,0.005847636580215496,-122.76422093701758,43.097665942980626
2021,fire_25411102,33,298,221,2173314,7588,0.0034914421017855682,-122.783300895998,42.91366240242358
2021,fire_25411134,26,304,230,1817920,1002,0.0005511793698292554,-120.57928762516141,42.23314765425104
2021,fire_25411738,30,308,212,1958880,4712,0.0024054561790410847,-119.08095769328946,48.78080122592125
2021,fire_25411739,17,309,215,1129395,2867,0.0025385272645974174,-118.27110132689634,48.78579622380673
2021,fire_25411748,15,306,209,959310,3145,0.0032783980152401204,-119.73305351935991,48.764038846623585
2021,fire_25411777,23,306,210,1477980,3036,0.002054154995331466,-119.77737226030987,48.58982815192196
2021,fire_25411795,33,309,216,2202552,4162,0.001889626215408308,-118.4183287350588,48.43063640607709
2021,fire_25411821,21,307,214,1379658,1296,0.000939363233496997,-119.25165188589776,48.201006000885336
2021,fire_25411825,26,334,255,2214420,445,0.00020095555495344152,-108.5805970525324,47.99518204903089
2021,fire_25411827,20,311,220,1368400,519,0.0003792750657702426,-117.71438403401605,47.93119214614005
2021,fire_25411889,16,340,271,1474240,3116,0.0021136314304319513,-106.50645759495455,45.73486605313892
2021,fire_25411893,22,322,245,1735580,1748,0.0010071561091969255,-113.15064706010439,45.816077927829056
2021,fire_25411896,12,335,264,1061280,65,6.124679632142319e-05,-108.34617541818706,45.65231141776217
2021,fire_25411897,14,340,270,1285200,3075,0.002392623716153128,-106.77111746841955,45.648726016697616
2021,fire_25411905,26,321,243,2028078,2133,0.0010517346965945096,-113.88448587094389,45.58208902927454
2021,fire_25411910,13,332,259,1117844,183,0.00016370799503329623,-109.65334657733504,45.51676904338677
2021,fire_25411915,29,338,268,2626936,483,0.0001838643956304988,-107.75301793936745,44.95625699108981
2021,fire_25411925,15,351,295,1553175,158,0.00010172710737682489,-103.36353164224523,41.5208383235967
2021,fire_25547912,18,300,228,1231200,2083,0.001691845354126056,-121.65901019440219,41.67332038368264
2021,fire_25547988,18,298,229,1228356,946,0.0007701350422841586,-122.28440160951389,40.71958216389949
2021,fire_25548047,42,307,252,3249288,15649,0.004816132026462413,-118.8362076219934,36.57508019805049
2021,fire_25548063,27,308,254,2112264,16091,0.007617892460412145,-118.68826917428063,36.524210552704254
2021,fire_25548074,41,308,255,3220140,14901,0.0046274385585719875,-118.59550022543738,35.98036370034369
2021,fire_25548182,22,302,210,1395240,5366,0.003845933316131992,-121.18846164057139,46.94032086976767
2021,fire_25548269,22,318,239,1672044,529,0.00031637923403929563,-114.87275800051262,45.86150858718402
2021,fire_25548446,23,303,229,1595901,2023,0.0012676224903675102,-120.48905871258413,42.38823766469805
2021,fire_25548658,20,325,247,1605500,2006,0.0012494549984428526,-112.2062815738834,46.17398299468568
2021,fire_25548678,27,321,244,2114748,2454,0.0011604219509842308,-113.75819726801626,45.57523046049164
2021,fire_25548700,14,350,292,1430800,171,0.00011951355884819681,-103.44775997319248,42.58994151116805
2021,fire_25639187,17,304,254,1312672,824,0.0006277272616464737,-120.10583075520928,34.49526211496396
2021,fire_25639315,23,328,268,2021792,30,1.4838321647330685e-05,-111.68298912632851,39.90153251913545
2021,fire_25639646,16,332,255,1354560,285,0.0002104004252303331,-109.5265607990109,47.18172561360721
